{"cameraMode":{"drawMode":0,"name":"Shaded","section":"Shading Mode"},"sceneLighting":false,"audioPlay":false,"sceneViewState":{"showFog":true,"showMaterialUpdate":false,"showSkybox":true,"showFlares":true,"showImageEffects":true,"showParticleSystems":true},"in2DMode":false,"pivot":{"x":3.725290298461914e-9,"y":0.02500000223517418,"z":-3.725290298461914e-9},"rotation":{"x":0.18331751227378846,"y":0.684258759021759,"z":-0.18408776819705964,"w":0.681393027305603},"size":0.20208293199539185,"orthographic":false}